"date","state","dataQualityGrade","death","deathConfirmed","deathIncrease","deathProbable","hospitalized","hospitalizedCumulative","hospitalizedCurrently","hospitalizedIncrease","inIcuCumulative","inIcuCurrently","negative","negativeIncrease","negativeTestsAntibody","negativeTestsPeopleAntibody","negativeTestsViral","onVentilatorCumulative","onVentilatorCurrently","positive","positiveCasesViral","positiveIncrease","positiveScore","positiveTestsAntibody","positiveTestsAntigen","positiveTestsPeopleAntibody","positiveTestsPeopleAntigen","positiveTestsViral","recovered","totalTestEncountersViral","totalTestEncountersViralIncrease","totalTestResults","totalTestResultsIncrease","totalTestsAntibody","totalTestsAntigen","totalTestsPeopleAntibody","totalTestsPeopleAntigen","totalTestsPeopleViral","totalTestsPeopleViralIncrease","totalTestsViral","totalTestsViralIncrease"
"2020-12-26","PR","B",1432,1187,0,245,,,451,0,,82,305972,0,,,303412,,80,72443,68461,1019,0,53157,,,,7002,62579,,0,378415,1019,,,,,,0,310546,0
"2020-12-25","PR","B",1432,1187,9,245,,,475,0,,87,305972,0,,,303412,,90,71424,67426,616,0,51457,,,,7002,60901,,0,377396,616,,,,,,0,310546,0
"2020-12-24","PR","B",1423,1179,15,244,,,534,0,,90,305972,0,,,303412,,88,70808,66871,320,0,51209,,,,7002,59690,,0,376780,320,,,,,,0,310546,0
"2020-12-23","PR","B",1408,1166,17,242,,,537,0,,86,305972,0,,,303412,,87,70488,66583,576,0,51097,,,,7002,58562,,0,376460,576,,,,,,0,310546,0
"2020-12-22","PR","B",1391,1150,9,241,,,535,0,,93,305972,0,,,303412,,97,69912,66067,1063,0,50791,,,,7002,57458,,0,375884,1063,,,,,,0,310546,0
"2020-12-21","PR","B",1382,1141,14,241,,,520,0,,94,305972,0,,,303412,,104,68849,65064,416,0,50323,,,,7002,57407,,0,374821,416,,,,,,0,310546,0
"2020-12-20","PR","B",1368,1125,26,243,,,540,0,,94,305972,0,,,303412,,101,68433,64697,1222,0,50177,,,,7002,55454,,0,374405,1222,,,,,,0,310546,0
"2020-12-19","PR","B",1342,1102,9,240,,,558,0,,97,305972,0,,,303412,,106,67211,64182,1079,0,49859,,,,7002,55964,,0,373183,1079,,,,,,0,310546,0
"2020-12-18","PR","B",1333,1094,10,239,,,575,0,,97,305972,0,,,303412,,96,66132,63075,1381,0,49060,,,,7002,55628,,0,372104,1381,,,,,,0,310546,0
"2020-12-17","PR","B",1323,1086,11,237,,,602,0,,99,305972,0,,,303412,,100,64751,61783,1065,0,48083,,,,7002,55479,,0,370723,1065,,,,,,0,310546,0
"2020-12-16","PR","B",1312,1077,18,235,,,593,0,,98,305972,0,,,303412,,96,63686,60792,267,0,47546,,,,7002,55464,,0,369658,267,,,,,,0,310546,0
"2020-12-15","PR","B",1294,1048,12,246,,,583,0,,97,305972,0,,,303412,,101,63419,60668,434,0,47530,,,,7002,53982,,0,369391,434,,,,,,0,310546,0
"2020-12-14","PR","B",1282,1036,10,246,,,609,0,,102,305972,0,,,303412,,105,62985,60348,554,0,47444,,,,7002,52911,,0,368957,554,,,,,,0,310546,0
"2020-12-13","PR","B",1272,1029,6,243,,,620,0,,97,305972,0,,,303412,,107,62431,59842,708,0,47316,,,,7002,52771,,0,368403,708,,,,,,0,310546,0
"2020-12-12","PR","B",1266,1023,17,243,,,646,0,,104,305972,0,,,303412,,118,61723,59292,721,0,46762,,,,7002,52394,,0,367695,721,,,,,,0,310546,0
"2020-12-11","PR","B",1249,1008,11,241,,,649,0,,109,305972,0,,,303412,,111,61002,58629,1544,0,45864,,,,7002,51895,,0,366974,1544,,,,,,0,310546,0
"2020-12-10","PR","B",1238,996,19,242,,,657,0,,99,305972,0,,,303412,,106,59458,57096,496,0,44667,,,,7002,51179,,0,365430,496,,,,,,0,310546,0
"2020-12-09","PR","B",1219,979,13,240,,,637,0,,95,305972,0,,,303412,,105,58962,56674,646,0,44595,,,,7002,49961,,0,364934,646,,,,,,0,310546,0
"2020-12-08","PR","B",1206,969,3,236,,,618,0,,104,305972,0,,,303412,,108,58316,56242,694,0,44306,,,,7002,48929,,0,364288,694,,,,,,0,310546,0
"2020-12-07","PR","B",1203,966,11,236,,,618,0,,106,305972,0,,,303412,,88,57622,55680,951,0,43806,,,,7002,47883,,0,363594,951,,,,,,0,310546,0
"2020-12-06","PR","B",1192,959,7,232,,,631,0,,107,305972,0,,,303412,,102,56671,54746,1139,0,43358,,,,7002,47406,,0,362643,1139,,,,,,0,310546,0
"2020-12-05","PR","B",1185,955,12,229,,,640,0,,103,305972,0,,,303412,,104,55532,53633,935,0,41991,,,,7002,47406,,0,361504,935,,,,,,0,310546,0
"2020-12-04","PR","B",1173,943,18,229,,,651,0,,92,305972,0,,,303412,,108,54597,52784,492,0,41785,,,,7002,46476,,0,360569,492,,,,,,0,310546,0
"2020-12-03","PR","B",1155,926,11,229,,,628,0,,98,305972,0,,,303412,,106,54105,52349,397,0,41602,,,,7002,45565,,0,360077,397,,,,,,0,310546,0
"2020-12-02","PR","B",1144,918,22,226,,,638,0,,99,305972,0,,,303412,,88,53708,52009,388,0,41505,,,,7002,44947,,0,359680,388,,,,,,0,310546,0
"2020-12-01","PR","B",1122,897,16,225,,,638,0,,101,305972,0,,,303412,,85,53320,51647,775,0,41279,,,,7002,43987,,0,359292,775,,,,,,0,310546,0
"2020-11-30","PR","B",1106,881,12,225,,,622,0,,99,305972,0,,,303412,,84,52545,50988,843,0,40897,,,,7002,43123,,0,358517,843,,,,,,0,310546,0
"2020-11-29","PR","B",1094,869,11,225,,,606,0,,102,305972,0,,,303412,,87,51702,50197,121,0,40398,,,,7002,42993,,0,357674,121,,,,,,0,310546,0
"2020-11-28","PR","B",1083,859,7,224,,,573,0,,92,305972,0,,,303412,,90,51581,50081,903,0,40367,,,,7002,42589,,0,357553,903,,,,,,0,310546,0
"2020-11-27","PR","B",1076,852,7,224,,,582,0,,103,305972,0,,,303412,,91,50678,49226,1452,0,40027,,,,7002,41768,,0,356650,1452,,,,,,0,310546,0
"2020-11-26","PR","B",1069,847,17,222,,,597,0,,98,305972,0,,,303412,,88,49226,47854,501,0,39409,,,,7002,40886,,0,355198,501,,,,,,0,310546,0
"2020-11-25","PR","B",1052,832,14,220,,,602,0,,105,305972,0,,,303412,,99,48725,47345,177,0,39266,,,,7002,40035,,0,354697,177,,,,,,0,310546,0
"2020-11-24","PR","B",1038,819,6,219,,,626,0,,111,305972,0,,,303412,,105,48548,47216,348,0,39234,,,,7002,39895,,0,354520,348,,,,,,0,310546,0
"2020-11-23","PR","B",1032,812,15,220,,,607,0,,100,305972,0,,,303412,,99,48200,46923,741,0,39130,,,,7002,39214,,0,354172,741,,,,,,0,310546,0
"2020-11-22","PR","B",1017,798,5,219,,,606,0,,98,305972,0,,,303412,,96,47459,46235,1025,0,38689,,,,7002,39142,,0,353431,1025,,,,,,0,310546,0
"2020-11-21","PR","B",1012,793,21,219,,,621,0,,99,305972,0,,,303412,,99,46434,45268,1099,0,37873,,,,7002,38237,,0,352406,1099,,,,,,0,310546,0
"2020-11-20","PR","B",991,775,9,216,,,614,0,,99,305972,0,,,303412,,98,45335,44277,904,0,37569,,,,7002,38238,,0,351307,904,,,,,,0,310546,0
"2020-11-19","PR","B",982,767,11,215,,,573,0,,92,305972,0,,,303412,,78,44431,43403,521,0,37240,,,,7002,37327,,0,350403,521,,,,,,0,310546,0
"2020-11-18","PR","B",971,756,20,215,,,557,0,,86,305972,0,,,303412,,73,43910,43031,325,0,37140,,,,7002,36675,,0,349882,325,,,,,,0,310546,0
"2020-11-17","PR","B",951,740,9,211,,,568,0,,85,305972,0,,,303412,,70,43585,42790,569,0,36810,,,,7002,36102,,0,349557,569,,,,,,0,310546,0
"2020-11-16","PR","B",942,731,7,211,,,533,0,,83,305972,0,,,303412,,66,43016,42279,537,0,36618,,,,7002,35461,,0,348988,537,,,,,,0,310546,0
"2020-11-15","PR","B",935,725,14,210,,,515,0,,90,305972,0,,,303412,,66,42479,41798,707,0,36226,,,,7002,35472,,0,348451,707,,,,,,0,310546,0
"2020-11-14","PR","B",921,711,7,210,,,539,0,,79,305972,0,,,303412,,62,41772,41174,653,0,35733,,,,7002,35074,,0,347744,653,,,,,,0,310546,0
"2020-11-13","PR","B",914,704,5,210,,,559,0,,77,305972,0,,,303412,,59,41119,40574,667,0,35416,,,,7002,35284,,0,347091,667,,,,,,0,310546,0
"2020-11-12","PR","B",909,700,8,209,,,566,0,,76,305972,0,,,303412,,59,40452,39968,1332,0,35210,,,,7002,34679,,0,346424,1332,,,,,,0,310546,0
"2020-11-11","PR","B",901,693,12,208,,,556,0,,72,305972,0,,,303412,,58,39120,38799,264,0,34424,,,,7002,34032,,0,345092,264,,,,,,0,310546,0
"2020-11-10","PR","B",889,682,7,207,,,538,0,,75,305972,0,,,303412,,52,38856,38681,275,0,34388,,,,7002,33368,,0,344828,275,,,,,,0,310546,0
"2020-11-09","PR","B",882,675,10,207,,,544,0,,70,305972,0,,,303412,,59,38581,38474,481,0,34279,,,,7002,33354,,0,344553,481,,,,,,0,310546,0
"2020-11-08","PR","B",872,669,10,203,,,518,0,,65,305972,0,,,303412,,52,38100,37999,533,0,34066,,,,7002,33315,,0,344072,533,,,,,,0,310546,0
"2020-11-07","PR","B",862,659,0,203,,,526,0,,69,305972,0,,,303412,,49,37567,37490,663,0,33965,,,,7002,32475,,0,343539,663,,,,,,0,310546,0
"2020-11-06","PR","B",862,659,7,203,,,518,0,,68,305972,0,,,303412,,42,36904,36904,803,0,33615,,,,7002,31915,,0,342876,803,,,,,,0,310546,0
"2020-11-05","PR","B",855,653,5,202,,,483,0,,60,305972,0,,,303412,,40,36101,36101,294,0,33315,,,,7002,31182,,0,342073,294,,,,,,0,310546,0
"2020-11-04","PR","B",850,648,8,202,,,459,0,,60,305972,0,,,303412,,46,35807,35807,57,0,33213,,,,7002,30568,,0,341779,57,,,,,,0,310546,0
"2020-11-03","PR","B",842,642,3,200,,,421,0,,63,305972,0,,,303412,,48,35750,35750,345,0,33193,,,,7002,29763,,0,341722,345,,,,,,0,310546,0
"2020-11-02","PR","B",839,639,7,200,,,443,0,,68,305972,0,,,303412,,51,35405,35405,864,0,32767,,,,7002,29352,,0,341377,864,,,,,,0,310546,0
"2020-11-01","PR","B",832,632,10,200,,,429,0,,62,305972,0,,,303412,,43,34541,34541,403,0,32120,,,,7002,29903,,0,340513,403,,,,,,0,310546,0
"2020-10-31","PR","B",822,626,2,196,,,430,0,,61,305972,0,,,303412,,39,34138,34138,285,0,31990,,,,7002,29464,,0,340110,285,,,,,,0,310546,0
"2020-10-30","PR","B",820,626,6,194,,,452,0,,60,305972,0,,,303412,,38,33853,33853,574,0,31890,,,,7002,28912,,0,339825,574,,,,,,0,310546,0
"2020-10-29","PR","B",814,621,1,193,,,425,0,,63,305972,0,,,303412,,39,33279,33279,752,0,31519,,,,7002,28439,,0,339251,752,,,,,,0,310546,0
"2020-10-28","PR","B",813,620,5,193,,,434,0,,61,305972,0,,,303412,,37,32527,32527,66,0,31060,,,,7002,28021,,0,338499,66,,,,,,0,310546,0
"2020-10-27","PR","B",808,616,4,192,,,395,0,,59,305972,0,,,303412,,38,32461,32461,263,0,31036,,,,7002,27607,,0,338433,263,,,,,,0,310546,0
"2020-10-26","PR","B",804,612,3,192,,,356,0,,58,305972,0,,,303412,,45,32198,32198,461,0,30937,,,,7002,27603,,0,338170,461,,,,,,0,310546,0
"2020-10-25","PR","B",801,610,7,191,,,370,0,,60,305972,0,,,303412,,46,31737,31737,665,0,30766,,,,7002,27348,,0,337709,665,,,,,,0,310546,0
"2020-10-24","PR","B",794,604,3,190,,,395,0,,60,305972,0,,,303412,,43,31072,31072,116,0,30208,,,,7002,26866,,0,337044,116,,,,,,0,310546,0
"2020-10-23","PR","B",791,602,8,189,,,381,0,,51,305972,0,,,303412,,39,30956,30956,1152,0,30028,,,,7002,26430,,0,336928,1152,,,,,,0,310546,0
"2020-10-22","PR","B",783,596,9,187,,,395,0,,53,305972,0,,,303412,,44,29804,29804,87,0,29233,,,,7002,26253,,0,335776,87,,,,,,0,310546,0
"2020-10-21","PR","B",774,590,5,184,,,378,0,,62,305972,0,,,303412,,45,29717,29717,132,0,29113,,,,7002,26018,,0,335689,132,,,,,,0,310546,0
"2020-10-20","PR","B",769,586,1,183,,,378,0,,61,305972,0,,,303412,,38,29585,29585,447,0,29058,,,,7002,25947,,0,335557,447,,,,,,0,310546,0
"2020-10-19","PR","B",768,585,2,183,,,327,0,,64,305972,0,,,303412,,41,29138,29138,427,0,28812,,,,7002,25939,,0,335110,427,,,,,,0,310546,0
"2020-10-18","PR","B",766,583,5,183,,,292,0,,59,305972,0,,,303412,,39,28711,28711,418,0,28582,,,,7002,25870,,0,334683,418,,,,,,0,310546,0
"2020-10-17","PR","B",761,578,3,183,,,317,0,,56,305972,0,,,303412,,39,28293,28293,119,0,28357,,,,7002,25645,,0,334265,119,,,,,,0,310546,0
"2020-10-16","PR","B",758,575,15,183,,,341,0,,64,305972,0,,,303412,,35,28174,28174,227,0,28238,,,,7002,25298,,0,334146,227,,,,,,0,310546,0
"2020-10-15","PR","B",743,562,1,181,,,354,0,,62,305972,0,,,303412,,37,27947,27947,318,0,28138,,,,7002,25071,,0,333919,318,,,,,,0,310546,0
"2020-10-14","PR","B",742,561,4,181,,,343,0,,53,305972,0,,,303412,,37,27629,27629,490,0,27887,,,,7002,24788,,0,333601,490,,,,,,0,310546,0
"2020-10-13","PR","B",738,557,3,181,,,303,0,,54,305972,0,,,303412,,34,27139,27139,135,0,27401,,,,7002,24552,,0,333111,135,,,,,,0,310546,0
"2020-10-12","PR","B",735,554,5,181,,,314,0,,54,305972,0,,,303412,,36,27004,27004,228,0,27230,,,,7002,24488,,0,332976,228,,,,,,0,310546,0
"2020-10-11","PR","B",730,551,2,179,,,324,0,,51,305972,0,,,303412,,34,26776,26776,218,0,26895,,,,7002,24533,,0,332748,218,,,,,,0,310546,0
"2020-10-10","PR","B",728,548,8,180,,,347,0,,55,305972,0,,,303412,,31,26558,26558,232,0,26806,,,,7002,24129,,0,332530,232,,,,,,0,310546,0
"2020-10-09","PR","B",720,541,5,179,,,354,0,,55,305972,0,,,303412,,29,26326,26326,316,0,26566,,,,7002,23603,,0,332298,316,,,,,,0,310546,0
"2020-10-08","PR","B",715,536,10,179,,,315,0,,49,305972,0,,,303412,,27,26010,26010,352,0,26284,,,,7002,22805,,0,331982,352,,,,,,0,310546,0
"2020-10-07","PR","B",705,528,9,177,,,325,0,,51,305972,0,,,303412,,36,25658,25658,23,0,26110,,,,7002,22346,,0,331630,23,,,,,,0,310546,0
"2020-10-06","PR","C",696,519,1,177,,,322,0,,61,305972,0,,,303412,,33,25635,25635,238,0,26102,,,,7002,,,0,331607,238,,,,,,0,310546,0
"2020-10-05","PR","C",695,518,9,177,,,321,0,,56,305972,0,,,303412,,41,25397,25397,363,0,25908,,,,7002,,,0,331369,363,,,,,,0,310546,0
"2020-10-04","PR","C",686,510,5,176,,,319,0,,49,305972,0,,,303412,,41,25034,25034,230,0,25641,,,,7002,,,0,331006,230,,,,,,0,310546,0
"2020-10-03","PR","C",681,508,8,173,,,348,0,,57,305972,0,,,303412,,31,24804,24804,299,0,25571,,,,7002,,,0,330776,299,,,,,,0,310546,0
"2020-10-02","PR","C",673,500,8,173,,,339,0,,59,305972,0,,,303412,,38,24505,24505,329,0,25242,,,,7002,,,0,330477,329,,,,,,0,310546,0
"2020-10-01","PR","C",665,492,4,173,,,316,0,,59,305972,0,,,303412,,38,24176,24176,176,0,24891,,,,7002,,,0,330148,176,,,,,,0,310546,-105118
"2020-09-30","PR","C",661,489,7,172,,,327,0,,62,305972,0,,,395291,,39,24000,24000,199,0,24755,,,,20103,,,0,329972,199,,,,,,0,415664,0
"2020-09-29","PR","C",654,483,6,171,,,353,0,,68,305972,0,,,395291,,33,23801,23801,444,0,24666,,,,20103,,,0,329773,444,,,,,,0,415664,0
"2020-09-28","PR","C",648,477,4,171,,,339,0,,69,305972,0,,,395291,,38,23357,23357,660,0,24065,,,,20103,,,0,329329,660,,,,,,0,415664,0
"2020-09-27","PR","C",644,473,2,171,,,349,0,,65,305972,0,,,395291,,38,22697,22697,533,0,23607,,,,20103,,,0,328669,533,,,,,,0,415664,0
"2020-09-26","PR","C",642,471,7,171,,,342,0,,59,305972,0,,,395291,,33,22164,22164,296,0,23249,,,,20103,,,0,328136,296,,,,,,0,415664,0
"2020-09-25","PR","C",635,464,8,171,,,376,0,,67,305972,0,,,395291,,28,21868,21868,712,0,23037,,,,20103,,,0,327840,712,,,,,,0,415664,0
"2020-09-24","PR","C",627,456,10,171,,,364,0,,65,305972,0,,,395291,,33,21156,21156,717,0,22686,,,,20103,,,0,327128,717,,,,,,0,415664,0
"2020-09-23","PR","C",617,447,4,170,,,376,0,,63,305972,0,,,395291,,36,20439,20439,40,0,22221,,,,20103,,,0,326411,40,,,,,,0,415664,0
"2020-09-22","PR","C",613,443,4,170,,,369,0,,63,305972,0,,,395291,,42,20399,20399,88,0,22197,,,,20103,,,0,326371,88,,,,,,0,415664,0
"2020-09-21","PR","C",609,439,1,170,,,386,0,,63,305972,0,,,395291,,41,20311,20311,242,0,22165,,,,20103,,,0,326283,242,,,,,,0,415664,0
"2020-09-20","PR","C",608,438,3,170,,,384,0,,64,305972,0,,,395291,,43,20069,20069,262,0,21769,,,,20103,,,0,326041,262,,,,,,0,415664,0
"2020-09-19","PR","C",605,435,6,170,,,403,0,,61,305972,0,,,395291,,39,19807,19807,694,0,21186,,,,20103,,,0,325779,694,,,,,,0,415664,0
"2020-09-18","PR","C",599,430,11,169,,,435,0,,70,305972,0,,,395291,,41,19113,19113,479,0,20571,,,,20103,,,0,325085,479,,,,,,0,415664,0
"2020-09-17","PR","C",588,420,18,168,,,444,0,,68,305972,0,,,395291,,41,18634,18634,382,0,20233,,,,20103,,,0,324606,382,,,,,,0,415664,0
"2020-09-16","PR","C",570,403,19,167,,,434,0,,68,305972,0,,,395291,,40,18252,18252,46,0,20032,,,,20103,,,0,324224,46,,,,,,0,415664,0
"2020-09-15","PR","C",551,385,9,166,,,408,0,,65,305972,0,,,395291,,44,18206,18206,229,0,19966,,,,20103,,,0,324178,229,,,,,,0,415664,0
"2020-09-14","PR","C",542,376,3,166,,,414,0,,63,305972,0,,,395291,,37,17977,17977,208,0,19773,,,,20103,,,0,323949,208,,,,,,0,415664,0
"2020-09-13","PR","C",539,373,4,166,,,396,0,,67,305972,0,,,395291,,50,17769,17769,171,0,19611,,,,20103,,,0,323741,171,,,,,,0,415664,0
"2020-09-12","PR","C",535,370,12,165,,,420,0,,71,305972,0,,,395291,,54,17598,17598,241,0,19494,,,,20103,,,0,323570,241,,,,,,0,415664,0
"2020-09-11","PR","C",523,359,11,164,,,401,0,,68,305972,0,,,395291,,52,17357,17357,109,0,19224,,,,20103,,,0,323329,109,,,,,,0,415664,0
"2020-09-10","PR","C",512,349,12,163,,,421,0,,70,305972,0,,,395291,,57,17248,17248,459,0,19031,,,,20103,,,0,323220,459,,,,,,0,415664,0
"2020-09-09","PR","C",500,337,18,163,,,400,0,,71,305972,0,,,395291,,56,16789,16789,1,0,18718,,,,20103,,,0,322761,1,,,,,,0,415664,0
"2020-09-08","PR","C",482,319,5,163,,,380,0,,81,305972,0,,,395291,,66,16788,16788,96,0,18716,,,,20103,,,0,322760,96,,,,,,0,415664,0
"2020-09-07","PR","C",477,317,0,160,,,372,0,,81,305972,0,,,395291,,72,16692,16692,423,0,18683,,,,20103,,,0,322664,423,,,,,,0,415664,0
"2020-09-06","PR","C",477,317,13,160,,,377,0,,73,305972,0,,,395291,,67,16269,16269,26,0,18264,,,,20103,,,0,322241,26,,,,,,0,415664,0
"2020-09-05","PR","C",464,309,9,155,,,369,0,,76,305972,0,,,395291,,67,16243,16243,142,0,18249,,,,20103,,,0,322215,142,,,,,,0,415664,0
"2020-09-04","PR","C",455,302,7,153,,,382,0,,78,305972,0,,,395291,,60,16101,16101,32,0,18140,,,,20103,,,0,322073,32,,,,,,0,415664,0
"2020-09-03","PR","C",448,296,5,152,,,349,0,,73,305972,0,,,395291,,57,16069,16069,127,0,18129,,,,20103,,,0,322041,127,,,,,,0,415664,0
"2020-09-02","PR","C",443,293,8,150,,,373,0,,71,305972,0,,,395291,,53,15942,15942,358,0,18061,,,,20103,,,0,321914,358,,,,,,0,415664,0
"2020-09-01","PR","B",435,288,1,147,,,392,0,,71,305972,0,,,395291,,51,15584,15584,108,0,17837,,,,20103,,,0,321556,108,,,,,,0,415664,0
"2020-08-31","PR","B",434,287,0,147,,,383,0,,65,305972,0,,,395291,,50,15476,15476,247,0,17723,,,,20103,,,0,321448,247,,,,,,0,415664,0
"2020-08-30","PR","B",434,287,6,147,,,365,0,,63,305972,0,,,395291,,46,15229,15229,243,0,17619,,,,20103,,,0,321201,243,,,,,,0,415664,0
"2020-08-29","PR","B",428,283,4,145,,,365,0,,65,305972,0,,,395291,,44,14986,14986,260,0,17564,,,,20103,,,0,320958,260,,,,,,0,415664,0
"2020-08-28","PR","B",424,280,12,144,,,409,0,,72,305972,0,,,395291,,51,14726,14726,257,0,17262,,,,20103,,,0,320698,257,,,,,,0,415664,105118
"2020-08-27","PR","B",412,270,8,142,,,403,0,,74,305972,0,,,303412,,41,14469,14469,459,0,16914,,,,7002,,,0,320441,459,,,,,,0,310546,0
"2020-08-26","PR","B",404,263,9,141,,,397,0,,62,305972,0,,,303412,,44,14010,14010,18,0,16734,,,,7002,,,0,319982,18,,,,,,0,310546,0
"2020-08-25","PR","B",395,256,5,139,,,391,0,,67,305972,0,,,303412,,43,13992,13992,70,0,16728,,,,7002,,,0,319964,70,,,,,,0,310546,0
"2020-08-24","PR","B",390,251,0,139,,,363,0,,71,305972,0,,,303412,,42,13922,13922,445,0,16696,,,,7002,,,0,319894,445,,,,,,0,310546,0
"2020-08-23","PR","B",390,251,9,139,,,370,0,,66,305972,0,,,303412,,36,13477,13477,195,0,16419,,,,7002,,,0,319449,195,,,,,,0,310546,0
"2020-08-22","PR","B",381,246,7,135,,,401,0,,67,305972,0,,,303412,,41,13282,13282,268,0,16295,,,,7002,,,0,319254,268,,,,,,0,310546,0
"2020-08-21","PR","B",374,240,7,134,,,392,0,,65,305972,0,,,303412,,42,13014,13014,438,0,15832,,,,7002,,,0,318986,438,,,,,,0,310546,0
"2020-08-20","PR","B",367,236,11,131,,,390,0,,57,305972,0,,,303412,,37,12576,12576,124,0,15567,,,,7002,,,0,318548,124,,,,,,0,310546,0
"2020-08-19","PR","B",356,225,10,131,,,361,0,,58,305972,0,,,303412,,39,12452,12452,81,0,15482,,,,7002,,,0,318424,81,,,,,,0,310546,0
"2020-08-18","PR","B",346,216,11,130,,,392,0,,62,305972,0,,,303412,,45,12371,12371,648,0,15342,,,,7002,,,0,318343,648,,,,,,0,310546,0
"2020-08-17","PR","B",335,206,0,129,,,400,0,,55,305972,0,,,303412,,44,11723,11723,472,0,15037,,,,7002,,,0,317695,472,,,,,,0,310546,0
"2020-08-16","PR","B",335,205,6,130,,,393,0,,64,305972,0,,,303412,,48,11251,11251,182,0,14755,,,,7002,,,0,317223,182,,,,,,0,310546,0
"2020-08-15","PR","B",329,201,12,128,,,406,0,,66,305972,0,,,303412,,46,11069,11069,339,0,14626,,,,7002,,,0,317041,339,,,,,,0,310546,0
"2020-08-14","PR","B",317,192,11,125,,,428,0,,70,305972,0,,,303412,,49,10730,10730,451,0,14398,,,,7002,,,0,316702,451,,,,,,0,310546,0
"2020-08-13","PR","B",306,182,11,124,,,466,0,,80,305972,0,,,303412,,57,10279,10279,110,0,14167,,,,7002,,,0,316251,110,,,,,,0,310546,0
"2020-08-12","PR","B",295,174,8,121,,,447,0,,75,305972,0,,,303412,,57,10169,10169,564,0,13905,,,,7002,,,0,316141,564,,,,,,0,310546,0
"2020-08-11","PR","B",287,167,8,120,,,439,0,,80,305972,0,,,303412,,62,9605,9605,286,0,13798,,,,7002,,,0,315577,286,,,,,,0,310546,0
"2020-08-10","PR","B",279,161,0,118,,,423,0,,77,305972,0,,,303412,,50,9319,9319,385,0,13502,,,,7002,,,0,315291,385,,,,,,0,310546,0
"2020-08-09","PR","B",279,161,5,118,,,424,0,,79,305972,0,,,303412,,53,8934,8934,361,0,13187,,,,7002,,,0,314906,361,,,,,,0,310546,0
"2020-08-08","PR","B",274,158,9,116,,,399,0,,77,305972,0,,,303412,,54,8573,8573,343,0,12851,,,,7002,,,0,314545,343,,,,,,0,310546,0
"2020-08-07","PR","B",265,149,7,116,,,440,0,,73,305972,0,,,303412,,58,8230,8230,406,0,12456,,,,7002,,,0,314202,406,,,,,,0,310546,0
"2020-08-06","PR","B",258,144,12,114,,,456,0,,76,305972,0,,,303412,,53,7824,7824,140,0,12110,,,,7002,,,0,313796,140,,,,,,0,310546,0
"2020-08-05","PR","B",246,133,9,113,,,507,0,,73,305972,0,,,303412,,54,7684,7684,271,0,11967,,,,7002,,,0,313656,271,,,,,,0,310546,0
"2020-08-04","PR","B",237,127,7,110,,,509,0,,75,305972,0,,,303412,,56,7413,7413,300,0,11911,,,,7002,,,0,313385,300,,,,,,0,310546,0
"2020-08-03","PR","B",230,119,0,111,,,533,0,,66,305972,0,,,303412,,51,7113,7113,278,0,11678,,,,7002,,,0,313085,278,,,,,,0,310546,0
"2020-08-02","PR","B",230,119,5,111,,,506,0,,64,305972,0,,,303412,,46,6835,6835,292,0,11576,,,,7002,,,0,312807,292,,,,,,0,310546,0
"2020-08-01","PR","B",225,115,6,110,,,508,0,,65,305972,0,,,303412,,41,6543,6543,546,0,11329,,,,7002,,,0,312515,546,,,,,,0,310546,0
"2020-07-31","PR","B",219,113,5,106,,,488,0,,62,305972,0,,,303412,,39,5997,5997,77,0,10784,,,,7002,,,0,311969,77,,,,,,0,310546,0
"2020-07-30","PR","B",214,109,3,105,,,504,0,,63,305972,0,,,303412,,40,5920,5920,220,0,10652,,,,7002,,,0,311892,220,,,,,,0,310546,0
"2020-07-29","PR","B",211,106,2,105,,,495,0,,66,305972,0,,,303412,,37,5700,5700,115,0,10361,,,,7002,,,0,311672,115,,,,,,0,310546,0
"2020-07-28","PR","B",209,104,8,105,,,469,0,,66,305972,0,,,303412,,37,5585,5585,169,0,10255,,,,7002,,,0,311557,169,,,,,,0,310546,0
"2020-07-27","PR","B",201,99,0,102,,,509,0,,66,305972,0,,,303412,,37,5416,5416,180,0,10015,,,,7002,,,0,311388,180,,,,,,0,310546,0
"2020-07-26","PR","B",201,99,0,102,,,496,0,,61,305972,0,,,303412,,34,5236,5236,194,0,9907,,,,7002,,,0,311208,194,,,,,,0,310546,0
"2020-07-25","PR","B",201,99,10,102,,,496,0,,57,305972,0,,,303412,,35,5042,5042,248,0,9498,,,,7002,,,0,311014,248,,,,,,0,310546,0
"2020-07-24","PR","B",191,90,3,101,,,460,0,,58,305972,0,,,303412,,31,4794,4794,220,0,9173,,,,7002,,,0,310766,220,,,,,,0,310546,0
"2020-07-23","PR","B",188,87,3,101,,,442,0,,56,305972,50206,,,303412,,40,4574,4574,244,0,8899,,,,7002,,,0,310546,50450,,,,,,0,310546,52545
"2020-07-22","PR","B",185,84,5,101,,,415,0,,49,255766,0,,,253922,,31,4330,4330,75,0,8708,,,,3966,,,0,260096,75,,,,,,0,258001,0
"2020-07-21","PR","B",180,81,0,99,,,375,0,,40,255766,0,,,253922,,24,4255,4255,244,0,8685,,,,3966,,,0,260021,244,,,,,,0,258001,0
"2020-07-20","PR","B",180,81,2,99,,,336,0,,31,255766,0,,,253922,,20,4011,4011,220,0,8450,,,,3966,,,0,259777,220,,,,,,0,258001,0
"2020-07-19","PR","B",178,81,0,97,,,315,0,,26,255766,0,,,253922,,18,3791,3791,330,0,8272,,,,3966,,,0,259557,330,,,,,,0,258001,0
"2020-07-18","PR","B",178,81,1,97,,,316,0,,29,255766,0,,,253922,,25,3461,3461,189,0,7992,,,,3966,,,0,259227,189,,,,,,0,258001,0
"2020-07-17","PR","B",177,80,5,97,,,302,0,,34,255766,0,,,253922,,27,3272,3272,153,0,7848,,,,3966,,,0,259038,153,,,,,,0,258001,0
"2020-07-16","PR","B",172,75,1,97,,,280,0,,25,255766,0,,,253922,,14,3119,3119,76,0,7455,,,,3966,,,0,258885,76,,,,,,0,258001,0
"2020-07-15","PR","B",171,75,2,96,,,254,0,,18,255766,0,,,253922,,11,3043,3043,139,0,7336,,,,3966,,,0,258809,139,,,,,,0,258001,0
"2020-07-14","PR","B",169,73,2,96,,,206,0,,14,255766,0,,,253922,,9,2904,2904,93,0,7219,,,,3966,,,0,258670,93,,,,,,0,258001,0
"2020-07-13","PR","B",167,71,0,96,,,159,0,,15,255766,0,,,253922,,8,2811,2811,228,0,7199,,,,3966,,,0,258577,228,,,,,,0,258001,0
"2020-07-12","PR","B",167,71,0,96,,,174,0,,12,255766,0,,,253922,,11,2583,2583,148,0,7071,,,,3966,,,0,258349,148,,,,,,0,258001,0
"2020-07-11","PR","B",167,71,8,96,,,174,0,,12,255766,0,,,253922,,7,2435,2435,84,0,6931,,,,3966,,,0,258201,84,,,,,,0,258001,0
"2020-07-10","PR","B",159,64,0,95,,,140,0,,12,255766,0,,,253922,,10,2351,2351,116,0,6786,,,,3966,,,0,258117,116,,,,,,0,258001,0
"2020-07-09","PR","B",159,64,0,95,,,147,0,,11,255766,63080,,,253922,,7,2235,2235,64,0,6627,,,,3966,,,0,258001,63144,,,,,,0,258001,63677
"2020-07-08","PR","B",159,64,2,95,,,127,0,,9,192686,0,,,191601,,10,2171,2171,24,0,6574,,,,2627,,,0,194857,24,,,,,,0,194324,0
"2020-07-07","PR","C",157,62,2,95,,,122,0,,19,192686,0,,,191601,,7,2147,2147,76,0,6567,,,,2627,,,0,194833,76,,,,,,0,194324,0
"2020-07-06","PR","C",155,60,0,95,,,115,0,,18,192686,0,,,191601,,11,2071,2071,225,0,6514,,,,2627,,,0,194757,225,,,,,,0,194324,0
"2020-07-05","PR","C",155,60,0,95,,,118,0,,9,192686,0,,,191601,,5,1846,1846,29,0,6070,,,,2627,,,0,194532,29,,,,,,0,194324,0
"2020-07-04","PR","C",155,60,1,95,,,100,0,,8,192686,0,,,191601,,4,1817,1817,26,0,5970,,,,2627,,,0,194503,26,,,,,,0,194324,0
"2020-07-03","PR","C",154,60,1,94,,,104,0,,11,192686,0,,,191601,,6,1791,1791,24,0,5892,,,,2627,,,0,194477,24,,,,,,0,194324,0
"2020-07-02","PR","C",153,59,0,94,,,97,0,,8,192686,0,,,191601,,3,1767,1767,38,0,5841,,,,2627,,,0,194453,38,,,,,,0,194324,0
"2020-07-01","PR","C",153,59,0,94,,,121,0,,7,192686,0,,,191601,,3,1729,1729,36,0,5808,,,,2627,,,0,194415,36,,,,,,0,194324,0
"2020-06-30","PR","C",153,59,0,94,,,102,0,,9,192686,0,,,191601,,2,1693,1693,55,0,5772,,,,2627,,,0,194379,55,,,,,,0,194324,0
"2020-06-29","PR","C",153,59,0,94,,,104,0,,8,192686,79406,,,191601,,1,1638,1638,14,0,5612,,,,2627,,,0,194324,79420,,,,,,0,194324,79601
"2020-06-28","PR","C",153,59,1,94,,,99,0,,8,113280,0,,,112331,,5,1624,1624,22,0,5565,,,,2326,,,0,114904,22,,,,,,0,114723,0
"2020-06-27","PR","C",152,58,1,94,,,105,0,,10,113280,0,,,112331,,5,1602,1602,19,0,5464,,,,2326,,,0,114882,19,,,,,,0,114723,0
"2020-06-26","PR","C",151,57,0,94,,,89,0,,9,113280,0,,,112331,,7,1583,1583,4,0,5339,,,,2326,,,0,114863,4,,,,,,0,114723,0
"2020-06-25","PR","C",151,57,2,94,,,85,0,,12,113280,0,,,112331,,4,1579,1579,2,0,5298,,,,2326,,,0,114859,2,,,,,,0,114723,0
"2020-06-24","PR","C",149,57,0,92,,,80,0,,9,113280,0,,,112331,,2,1577,1577,27,0,5243,,,,2326,,,0,114857,27,,,,,,0,114723,0
"2020-06-23","PR","C",149,57,0,92,,,77,0,,9,113280,0,,,112331,,2,1550,1550,10,0,5135,,,,2326,,,0,114830,10,,,,,,0,114723,0
"2020-06-22","PR","C",149,57,0,92,,,70,0,,10,113280,0,,,112331,,3,1540,1540,7,0,5024,,,,2326,,,0,114820,7,,,,,,0,114723,0
"2020-06-21","PR","C",149,57,2,92,,,71,0,,13,113280,0,,,112331,,5,1533,1533,2,0,4992,,,,2326,,,0,114813,2,,,,,,0,114723,0
"2020-06-20","PR","C",147,57,0,90,,,83,0,,10,113280,0,,,112331,,4,1531,1531,32,0,4932,,,,2326,,,0,114811,32,,,,,,0,114723,0
"2020-06-19","PR","C",147,57,0,90,,,78,0,,7,113280,0,,,112331,,3,1499,1499,3,0,4696,,,,2326,,,0,114779,3,,,,,,0,114723,0
"2020-06-18","PR","C",147,57,0,90,,,73,0,,9,113280,0,,,112331,,5,1496,1496,10,0,4615,,,,2326,,,0,114776,10,,,,,,0,114723,0
"2020-06-17","PR","C",147,57,0,90,,,78,0,,8,113280,0,,,112331,,1,1486,1486,7,0,4517,,,,2326,,,0,114766,7,,,,,,0,114723,0
"2020-06-16","PR","C",147,57,0,90,,,94,0,,9,113280,0,,,112331,,1,1479,1479,2,0,4472,,,,2326,,,0,114759,2,,,,,,0,114723,0
"2020-06-15","PR","C",147,57,0,90,,,104,0,,8,113280,0,,,112331,,2,1477,1477,6,0,4413,,,,2326,,,0,114757,6,,,,,,0,114723,0
"2020-06-14","PR","C",147,57,1,90,,,110,0,,6,113280,0,,,112331,,2,1471,1471,11,0,4340,,,,2326,,,0,114751,11,,,,,,0,114723,0
"2020-06-13","PR","C",146,56,0,90,,,117,0,,4,113280,0,,,112331,,3,1460,1460,17,0,4230,,,,2326,,,0,114740,17,,,,,,0,114723,0
"2020-06-12","PR","C",146,56,2,90,,,92,0,,7,113280,24595,,,112331,,4,1443,1443,40,0,4093,,,,2326,,,0,114723,24635,,,,,,0,114723,24678
"2020-06-11","PR","C",144,56,1,88,,,91,0,,7,88685,0,,,87930,,4,1403,1403,1,0,3949,,,,2060,,,0,90088,1,,,,,,0,90045,0
"2020-06-10","PR","C",143,63,1,80,,,97,0,,8,88685,0,,,87930,,5,1402,1402,16,0,3927,,,,2060,,,0,90087,16,,,,,,0,90045,0
"2020-06-09","PR","B",142,63,0,79,,,95,0,,9,88685,0,,,87930,,6,1386,1386,13,0,3799,,,,2060,,,0,90071,13,,,,,,0,90045,0
"2020-06-08","PR","B",142,63,0,79,,,107,0,,8,88685,0,,,87930,,7,1373,1373,9,0,3673,,,,2060,,,0,90058,9,,,,,,0,90045,0
"2020-06-07","PR","B",142,63,0,79,,,105,0,,6,88685,0,,,87930,,7,1364,1364,4,0,3621,,,,2060,,,0,90049,4,,,,,,0,90045,0
"2020-06-06","PR","B",142,63,1,79,,,100,0,,7,88685,28263,,,87930,,4,1360,1360,30,0,3555,,,,2060,,,0,90045,28293,,,,,,0,90045,28343
"2020-06-05","PR","B",141,63,1,78,,,116,0,,9,60422,0,,,59701,,7,1330,1330,8,0,3290,,,,1952,,,0,61752,8,,,,,,0,61702,0
"2020-06-04","PR","B",140,63,0,77,,,114,0,,15,60422,0,,,59701,,9,1322,1322,9,0,3186,,,,1952,,,0,61744,9,,,,,,0,61702,0
"2020-06-03","PR","B",140,63,2,77,,,107,0,,12,60422,0,,,59701,,7,1313,1313,8,0,2710,,,,1952,,,0,61735,8,,,,,,0,61702,0
"2020-06-02","PR","B",138,63,2,75,,,106,0,,17,60422,0,,,59701,,10,1305,1305,1,0,2630,,,,1952,,,0,61727,1,,,,,,0,61702,0
"2020-06-01","PR","B",136,63,0,73,,,99,0,,9,60422,0,,,59701,,4,1304,1304,0,0,2569,,,,1952,,,0,61726,0,,,,,,0,61702,0
"2020-05-31","PR","B",136,63,3,73,,,99,0,,9,60422,0,,,59701,,1,1304,1304,4,0,2472,,,,1952,,,0,61726,4,,,,,,0,61702,0
"2020-05-30","PR","B",133,62,1,71,,,106,0,,6,60422,0,,,59701,,5,1300,1300,7,0,2418,,,,1952,,,0,61722,7,,,,,,0,61702,0
"2020-05-29","PR","B",132,62,1,70,,,101,0,,12,60422,0,,,59701,,5,1293,1293,13,0,2354,,,,1952,,,0,61715,13,,,,,,0,61702,0
"2020-05-28","PR","B",131,61,2,70,,,120,0,,12,60422,19934,,,59701,,5,1280,1280,20,0,2206,,,,1952,,,0,61702,19954,,,,,,0,61702,20001
"2020-05-27","PR","B",129,61,0,68,,,105,0,,8,40488,0,,,40095,,4,1260,1260,19,0,2137,,,,1572,,,0,41748,19,,,,,,0,41701,0
"2020-05-26","PR","B",129,61,0,68,,,104,0,,14,40488,0,,,40095,,4,1241,1241,1,0,2083,,,,1572,,,0,41729,1,,,,,,0,41701,0
"2020-05-25","PR","B",129,61,2,68,,,112,0,,16,40488,0,,,40095,,8,1240,1240,10,0,2020,,,,1572,,,0,41728,10,,,,,,0,41701,0
"2020-05-24","PR","B",127,61,0,66,,,106,0,,13,40488,0,,,40095,,7,1230,1230,-640,0,1959,,,,1572,,,0,41718,-640,,,,,,0,41701,0
"2020-05-23","PR","B",127,61,1,66,,,106,0,,14,40488,0,,,40095,,5,1870,1870,649,0,1230,,,,1572,,,0,42358,649,,,,,,0,41701,0
"2020-05-22","PR","B",126,60,0,66,,,96,0,,12,40488,0,,,40095,,6,1221,1221,8,0,1809,,,,1572,,,0,41709,8,,,,,,0,41701,0
"2020-05-21","PR","C",126,60,1,66,,,114,0,,13,40488,40488,,,40095,,7,1213,1213,7,0,1700,,,,1572,,,0,41701,40495,,,,,,0,41701,41701
"2020-05-20","PR","C",125,66,1,,,,110,0,,20,,0,,,,,5,1206,1206,-1,0,1660,,,,,,,0,1206,-1,,,,,,0,,0
"2020-05-19","PR","C",124,60,0,,,,121,0,,20,,0,,,,,8,1207,1207,12,0,1598,,,,,,,0,1207,12,,,,,,0,,0
"2020-05-18","PR","C",124,60,1,,,,147,0,,17,,0,,,,,4,1195,1195,48,0,1515,,,,,,,0,1195,48,,,,,,0,,0
"2020-05-17","PR","C",123,60,1,,,,150,0,,24,,0,,,,,5,1147,1147,33,0,1499,,,,,,,0,1147,33,,,,,,0,,0
"2020-05-16","PR","B",122,59,0,,,,144,0,,15,,0,,,,,5,1114,1114,26,0,1475,,,,,,,0,1114,26,,,,,,0,,0
"2020-05-15","PR","B",122,63,5,,,,147,0,,18,,0,,,,,3,1088,1088,15,0,1454,,,,,,,0,1088,15,,,,,,0,,0
"2020-05-14","PR","B",117,58,2,,,,159,0,,18,,0,,,,,5,1073,1073,9,0,1354,,,,,,,0,1073,9,,,,,,0,,0
"2020-05-13","PR","C",115,58,1,,,,142,0,,10,,0,,,,,6,1064,1064,2,0,1265,,,,,,,0,1064,2,,,,,,0,,0
"2020-05-12","PR","C",114,58,1,,,,127,0,,,,0,,,,,,1062,1062,8,0,1237,,,,,,,0,1062,8,,,,,,0,,0
"2020-05-11","PR","D",113,57,2,,,,159,0,,,,0,,,,,,1054,1054,14,0,1202,,,,,,,0,1054,14,,,,,,0,,0
"2020-05-10","PR","D",111,57,3,,,,143,0,,,,0,,,,,,1040,1040,6,0,1158,,,,,,,0,1040,6,,,,,,0,,0
"2020-05-09","PR","C",108,57,1,,,,148,0,,,,0,,,,,7,1034,1034,5,0,1139,,,,,,,0,1034,5,,,,,,0,,0
"2020-05-08","PR","C",107,56,5,,,,161,0,,,,0,,,,,10,1029,1029,16,0,1127,,,,,,,0,1029,16,,,,,,0,,0
"2020-05-07","PR","D",102,56,3,,,,164,0,,,,0,,,,,,1013,1013,7,0,1018,,,,,,,0,1013,7,,,,,,0,,0
"2020-05-06","PR","D",99,56,0,,,,144,0,,,,-9313,,,,,,1006,1006,1,0,962,,,,,,,0,1006,-9312,,,,,,0,,0
"2020-05-05","PR","D",99,56,2,,,,140,0,,,9313,0,,,,,,1005,1005,4,0,919,,,,,,,0,10318,4,,,,,,0,,0
"2020-05-04","PR","D",97,54,0,,,,152,0,,,9313,0,,,,,,1001,1001,13,0,842,,,,,,,0,10314,13,,,,,,0,,0
"2020-05-03","PR","D",97,53,2,,,,171,0,,,9313,0,,,,,,988,988,15,0,820,,,,,,,0,10301,15,,,,,,0,,0
"2020-05-02","PR","D",95,53,3,,,,187,0,,,9313,0,,,,,,973,973,9,0,784,,,,,,,0,10286,9,,,,,,0,,0
"2020-05-01","PR","D",92,51,0,,,,200,0,,,9313,0,,,,,,964,964,9,0,611,,,,,,,0,10277,9,,,,,,0,,0
"2020-04-30","PR","D",92,51,6,,,,201,0,,,9313,0,,,,,,955,955,51,0,584,,,,,,,0,10268,51,,,,,,0,,0
"2020-04-29","PR","D",86,51,0,,,,125,0,,,9313,0,,,,,,904,904,6,0,529,,,,,,,0,10217,6,,,,,,0,,0
"2020-04-28","PR","D",86,,2,,,,132,0,,,9313,0,,,,,,898,898,3,0,502,,,,,,,0,10211,3,,,,,,0,,0
"2020-04-27","PR","D",84,,0,,,,140,0,,,9313,0,,,,,,895,895,4,0,494,,,,,,,0,10208,4,,,,,,0,,0
"2020-04-26","PR","D",84,,1,,,,146,0,,,9313,0,,,,,,891,891,13,0,480,,,,,,,0,10204,13,,,,,,0,,0
"2020-04-25","PR","D",83,,6,,,,137,0,,,9313,0,,,,,,878,878,7,0,429,,,,,,,0,10191,7,,,,,,0,,0
"2020-04-24","PR","A",77,,8,,,,172,0,,,9313,0,,,,,,871,871,-44,0,405,,,,,,,0,10184,-44,,,,,,0,,0
"2020-04-23","PR","A",69,,2,,,,154,0,,,9313,471,,,,,,915,,0,0,,,,,,,,0,10228,471,,,,,,0,,0
"2020-04-22","PR","A",67,,3,,,,140,0,,,8842,53,,,,,,915,,-383,0,,,,,,,,0,9757,-330,,,,,,0,,0
"2020-04-21","PR","A",64,,1,,,,117,0,,,8789,303,,,,,,1298,,46,0,,,,,,,,0,10087,349,,,,,,0,,0
"2020-04-20","PR","A",63,,1,,,,151,0,,,8486,206,,,,,,1252,,39,0,,,,,,,,0,9738,245,,,,,,0,,0
"2020-04-19","PR","A",62,,2,,,,160,0,,,8280,225,,,,,,1213,,95,0,,,,,,,,0,9493,320,,,,,,0,,0
"2020-04-18","PR","A",60,,2,,,,165,0,,,8055,191,,,,,,1118,,50,0,,,,,,,,0,9173,241,,,,,,0,,0
"2020-04-17","PR","A",58,,2,,,,,0,,,7864,549,,,,,,1068,,25,0,,,,,,,,0,8932,574,,,,,,0,,0
"2020-04-16","PR","A",56,,5,,,,,0,,,7315,490,,,,,,1043,,69,0,,,,,,,,0,8358,559,,,,,,0,,0
"2020-04-15","PR","A",51,,6,,,,,0,,,6825,541,,,,,,974,,51,0,,,,,,,,0,7799,592,,,,,,0,,0
"2020-04-14","PR","A",45,,0,,,,,0,,,6284,324,,,,,,923,,20,0,,,,,,,,0,7207,344,,,,,,0,,0
"2020-04-13","PR","A",45,,1,,,,,0,,,5960,141,,,,,,903,,6,0,,,,,,,,0,6863,147,,,,,,0,,0
"2020-04-12","PR","A",44,,2,,,,,0,,,5819,236,,,,,,897,,109,0,,,,,,,,0,6716,345,,,,,,0,,0
"2020-04-11","PR","A",42,,3,,,,,0,,,5583,462,,,,,,788,,63,0,,,,,,,,0,6371,525,,,,,,0,,0
"2020-04-10","PR","A",39,,6,,,,,0,,,5121,418,,,,,,725,,42,0,,,,,,,,0,5846,460,,,,,,0,,0
"2020-04-09","PR","A",33,,9,,,,,0,,,4703,437,,,,,,683,,63,0,,,,,,,,0,5386,500,,,,,,0,,0
"2020-04-08","PR","A",24,,1,,,,,0,,,4266,300,,,,,,620,,47,0,,,,,,,,0,4886,347,,,,,,0,,0
"2020-04-07","PR","A",23,,2,,,,,0,,,3966,534,,,,,,573,,60,0,,,,,,,,0,4539,594,,,,,,0,,0
"2020-04-06","PR","A",21,,1,,,,,0,,,3432,359,,,,,,513,,38,0,,,,,,,,0,3945,397,,,,,,0,,0
"2020-04-05","PR","A",20,,2,,,,,0,,,3073,468,,,,,,475,,23,0,,,,,,,,0,3548,491,,,,,,0,,0
"2020-04-04","PR","A",18,,3,,,,,0,,,2605,556,,,,,,452,,74,0,,,,,,,,0,3057,630,,,,,,0,,0
"2020-04-03","PR","A",15,,3,,,,,0,,,2049,445,,,,,,378,,62,0,,,,,,,,0,2427,507,,,,,,0,,0
"2020-04-02","PR","A",12,,1,,,,,0,,,1604,195,,,,,,316,,30,0,,,,,,,,0,1920,225,,,,,,0,,0
"2020-04-01","PR","A",11,,3,,,,,0,,,1409,214,,,,,,286,,47,0,,,,,,,,0,1695,261,,,,,,0,,0
"2020-03-31","PR","A",8,,2,,,,,0,,,1195,264,,,,,,239,,65,0,,,,,,,,0,1434,329,,,,,,0,,0
"2020-03-30","PR","A",6,,1,,,,,0,,,931,90,,,,,,174,,47,0,,,,,,,,0,1105,137,,,,,,0,,0
"2020-03-29","PR","A",5,,2,,,,,0,,,841,102,,,,,,127,,27,0,,,,,,,,0,968,129,,,,,,0,,0
"2020-03-28","PR","A",3,,0,,,,,0,,,739,220,,,,,,100,,21,0,,,,,,,,0,839,241,,,,,,0,,0
"2020-03-27","PR","A",3,,1,,,,,0,,,519,142,,,,,,79,,15,0,,,,,,,,0,598,157,,,,,,0,,0
"2020-03-26","PR","A",2,,0,,,,,0,,,377,60,,,,,,64,,13,0,,,,,,,,0,441,73,,,,,,0,,0
"2020-03-25","PR","A",2,,0,,,,,0,,,317,49,,,,,,51,,12,0,,,,,,,,0,368,61,,,,,,0,,0
"2020-03-24","PR","A",2,,0,,,,,0,,,268,79,,,,,,39,,8,0,,,,,,,,0,307,87,,,,,,0,,0
"2020-03-23","PR","A",2,,1,,,,,0,,,189,6,,,,,,31,,8,0,,,,,,,,0,220,14,,,,,,0,,0
"2020-03-22","PR",,1,,1,,,,,0,,,183,40,,,,,,23,,2,0,,,,,,,,0,206,42,,,,,,0,,0
"2020-03-21","PR",,,,0,,,,,0,,,143,29,,,,,,21,,7,0,,,,,,,,0,164,36,,,,,,0,,0
"2020-03-20","PR",,,,0,,,,,0,,,114,58,,,,,,14,,9,0,,,,,,,,0,128,67,,,,,,0,,0
"2020-03-19","PR",,,,0,,,,,0,,,56,25,,,,,,5,,0,0,,,,,,,,0,61,25,,,,,,0,,0
"2020-03-18","PR",,,,0,,,,,0,,,31,18,,,,,,5,,0,0,,,,,,,,0,36,18,,,,,,0,,0
"2020-03-17","PR",,,,0,,,,,0,,,13,4,,,,,,5,,0,0,,,,,,,,0,18,4,,,,,,0,,0
"2020-03-16","PR",,,,0,,,,,0,,,9,0,,,,,,5,,0,0,,,,,,,,0,14,0,,,,,,0,,0